id;nom;date_de_creation;date_de_livraison
1;Technician;2020-09-29T13:37:47;2020-09-29T17:01:06
2;New Mexico;2020-09-29T19:12:49;2020-09-29T17:05:19
3;Investment Account Delaware;2020-09-30T00:54:09;2020-09-29T20:01:59
4;Turkish Lira Coordinator;2020-09-30T05:04:07;2020-09-29T21:40:59
5;systems;2020-09-30T04:33:24;2020-09-29T18:16:49
6;vortals Metal Pike;2020-09-30T05:31:07;2020-09-29T16:01:30
7;THX orchestration;2020-09-30T03:57:10;2020-09-30T05:26:05
8;e-services;2020-09-30T02:52:32;2020-09-30T01:18:54
9;Future Georgia full-range;2020-09-29T18:06:21;2020-09-29T22:44:25
10;tan 24/7;2020-09-30T00:49:44;2020-09-29T16:08:22
